{
    "rho": 32.58690275984611,
    "rho_axon": 247.23080159409773,
    "avg_seg_len": 12.079,
    "std_seg_len": 1.952,
    "seg_chunk_size": 24.30
}