{
    "rho": 72.75548008353194,
    "rho_axon": 658.8828895718035,
    "avg_seg_len": 19.839,
    "std_seg_len": 3.680,
    "seg_chunk_size": 40
}