{
    "rho": 48.177290634113085,
    "rho_axon": 462.9423383849466,
    "avg_seg_len": 25.976,
    "std_seg_len": 3.791,
    "seg_chunk_size": 53.1
}