{
    "rho": 30.948507225615497,
    "rho_axon": 126.9965497869444,
    "avg_seg_len": 4.595,
    "std_seg_len": 0.321,
    "seg_chunk_size": 9.195
}